file_id	file_name
a88c168e-4bba-4bd2-9c0c-77934444cc1c	nationwidechildrens.org_clinical_nte_brca.txt
a9baecf0-5549-4396-8805-a6d1681d11cd	nationwidechildrens.org_clinical_follow_up_v4.0_nte_brca.txt
1e6b79ff-9787-4cbe-b19d-ebabb6b43589	nationwidechildrens.org_clinical_drug_brca.txt
22f38342-3f1a-47e5-9025-c19719fa21d0	nationwidechildrens.org_clinical_follow_up_v1.5_brca.txt
62d4515f-a30b-4b1a-b2dd-c8bf9476e803	nationwidechildrens.org_clinical_follow_up_v4.0_brca.txt
0a40467f-9495-4c5b-b56e-3347a3ee0572	nationwidechildrens.org_clinical_radiation_brca.txt
403b5cef-8173-47c7-b56a-cc94dcfbb2e3	nationwidechildrens.org_clinical_follow_up_v2.1_brca.txt
8162d394-8b64-4da2-9f5b-d164c54b9608	nationwidechildrens.org_clinical_patient_brca.txt
f434b393-9e32-4ca2-aa1a-3b0de36b5ffe	nationwidechildrens.org_clinical_omf_v4.0_brca.txt
